frame_index,is_cut,histogram_intersection,psnr_db,mse,psnr_passes_gate,mean_ssim_roi,mean_ssim_full,divergent_fraction,delta_bds,bds_reference,bds_test,baseline_median,baseline_mad,baseline_z,baseline_anomaly,persistence,blockiness_norm,area_norm,ssim_divergence_norm,gate_open,gated,final_score
0,False,1.0,40.330267868250964,6.026339216820988,True,0.9856951123745977,0.9856681536138377,0.0005632716049382716,0.003002878530610098,0.9810482645960881,0.9840511431266982,nan,nan,nan,False,0.0,0.0006005757061220196,0.0005632716049382716,0.014304887625402274,True,False,0.532770128196197
1,False,0.9988908179012346,20.617635775413824,564.0489347029321,False,0.8020084999331093,0.8007679545895346,0.5003115354938271,0.0,0.968382192024057,0.9260581660652343,nan,nan,nan,False,0.0,0.0,0.5003115354938271,0.1979915000668907,True,False,19.437490889686853
2,False,0.9949006558641975,20.907709600692165,527.6056052276234,False,0.7734849777711466,0.7721510175801832,0.5982923418209877,0.015989999899395313,0.9276630219292346,0.9436530218286299,nan,nan,nan,False,0.0,0.0031979999798790624,0.5982923418209877,0.22651502222885345,True,False,22.981274322930933
3,False,0.9960098379629629,20.55720226862475,571.9527256944444,False,0.7864805756905309,0.7851840416094296,0.5107846257716049,0.016345590111556785,0.9011137163331,0.9174593064446568,nan,nan,nan,False,0.0,0.003269118022311357,0.5107846257716049,0.21351942430946913,True,False,20.34086903579088
4,False,0.9965046296296296,20.8710658528551,532.0761294367284,False,0.7301946605491082,0.7292450586474185,0.5982286844135802,0.03813761465000265,0.8978364378936962,0.9359740525436988,nan,nan,nan,False,0.0,0.00762752293000053,0.5982286844135802,0.2698053394508918,True,False,24.627729679020735
5,False,0.9953250385802469,20.515885029310986,577.4200472608024,False,0.7946186135381805,0.7936568116248578,0.5114703896604939,0.0,0.8720508977333353,0.8686882575996855,nan,nan,nan,False,0.0,0.0,0.5114703896604939,0.20538138646181947,True,False,19.975108267676028
6,False,0.9959182098765432,20.696479275376902,553.9013623649691,False,0.7622684663561172,0.7613371629425247,0.5697424768518519,0.030932087323596535,0.8724521400153977,0.9033842273389943,nan,nan,nan,False,0.0,0.006186417464719307,0.5697424768518519,0.23773153364388278,True,False,22.749758122773773
7,False,0.9965716628086418,20.426455076976413,589.4335517939815,False,0.7804859416486115,0.7794414521788269,0.515736400462963,0.009972057262904399,0.865305687463516,0.8752777447264204,nan,nan,nan,False,0.0,0.0019944114525808796,0.515736400462963,0.21951405835138849,True,False,20.6362343974501
8,False,0.9960083912037037,22.74738516332922,345.41551793981483,False,0.8041867118382072,0.8046372105805475,0.44396797839506175,0.04774304224633841,0.8918698242176454,0.9396128664639838,nan,nan,nan,False,0.0,0.009548608449267682,0.44396797839506175,0.19581328816179278,True,False,18.23912279901732
9,False,0.9952850115740741,21.909344741808365,418.9342684220679,False,0.8358655873087114,0.8354207268500681,0.3740480324074074,0.023813133573574286,0.8748889775470514,0.8987021111206257,nan,nan,nan,False,0.0,0.0047626267147148574,0.3740480324074074,0.1641344126912886,True,False,15.23878405582173
10,False,0.9966010802469136,22.534675512259966,362.7545008680556,False,0.8361397224497211,0.8359970197108878,0.41778742283950615,0.01878921190516958,0.8768734006828318,0.8956626125880014,0.01616779500547605,0.013964604396493219,0.1266083899830304,False,0.0,0.0037578423810339157,0.41778742283950615,0.16386027755027888,True,False,16.29253055667843
11,False,0.9971214313271606,22.24235856391837,388.0114168595679,False,0.85162879998951,0.8512922333324406,0.36923466435185187,0.004801588084669572,0.8644823498371008,0.8692839379217704,0.016345590111556785,0.013342711580946687,-0.5835342433076213,False,0.0,0.0009603176169339145,0.36923466435185187,0.14837120001048998,True,False,14.452668137671463
12,False,0.9959717399691358,21.284037773594758,483.81194155092595,False,0.7497920220536752,0.748327934759801,0.6115359760802469,0.07267751581628201,0.8802269366723663,0.9529044524886483,0.01616779500547605,0.012265561697836214,3.1073333271478876,False,0.0,0.014535503163256403,0.6115359760802469,0.25020797794632477,True,False,24.48174372502523
13,False,0.9964684606481482,21.279136971664585,484.35820794753084,False,0.7488033930202423,0.7473321490595455,0.6118643904320987,0.020052322215878826,0.8579160477155635,0.8779683699314423,0.016345590111556785,0.013342711580946687,0.1873704724411655,False,0.0,0.004010464443175765,0.6118643904320987,0.25119660697975765,True,False,24.20880493838926
14,False,0.9965007716049383,20.670447269431868,557.231467978395,False,0.7854198105001654,0.7840483709695226,0.5045896026234568,0.030689679886645282,0.8596457736665635,0.8903354535532088,0.01756740100836318,0.013065249619463482,0.677399912322401,False,0.0,0.006137935977329057,0.5045896026234568,0.2145801894998346,True,False,20.3091847774005
15,False,0.9967775848765432,20.940147864407066,523.6795013503087,False,0.7709195839322153,0.7694991906056309,0.5616536458333333,0.010228805823812026,0.8660513049532985,0.8762801107771105,0.01878921190516958,0.012142875418426957,-0.47547173951786786,False,0.0,0.002045761164762405,0.5616536458333333,0.22908041606778473,True,False,22.12052854314867
16,False,0.9960489004629629,20.62064558763005,563.658164544753,False,0.7960436359259576,0.794705174479473,0.4980516975308642,0.010355244981405054,0.8880530645751351,0.8984083095565402,0.01756740100836318,0.012944045900987855,-0.37579279033234153,False,0.0,0.0020710489962810106,0.4980516975308642,0.20395636407404238,True,False,19.651896650751517
17,False,0.994678337191358,20.87371889043872,531.7511916473766,False,0.7975374269421186,0.7962266762737021,0.5119458912037037,0.008287862273423152,0.86131798814208,0.8696058504155032,0.016345590111556785,0.011544002026887212,-0.47076788690362725,False,0.0,0.0016575724546846304,0.5119458912037037,0.2024625730578814,True,False,19.93456451075898
18,False,0.996760223765432,21.109934075814724,503.60142843364196,False,0.7114184920683867,0.7097368370115008,0.640567611882716,0.04992724001305937,0.8679116886683057,0.9178389286813651,0.01616779500547605,0.009623069826429687,2.3660680242722676,False,0.0,0.009985448002611873,0.640567611882716,0.2885815079316133,True,False,26.41410651475272
19,False,0.9965070408950616,20.91726915602144,526.4455333719136,False,0.7960799525938875,0.7947794042853286,0.508623649691358,0.006037293180612413,0.8690266117873061,0.8750639049679185,0.016345590111556785,0.011544002026887212,-0.6022560281559297,False,0.0,0.0012074586361224826,0.508623649691358,0.20392004740611247,True,False,19.88901666058156
20,False,0.9958420138888888,21.271699579122604,485.18839313271604,False,0.7838456585397268,0.7825215154946248,0.5387263695987654,0.0,0.8880549290469104,0.8552514780659635,0.01616779500547605,0.010748354372835056,-1.0145128895540747,False,0.0,0.0,0.5387263695987654,0.21615434146027324,True,False,21.033561191078697
21,False,0.994900173611111,21.155341965257122,498.36342785493827,False,0.7932501749474024,0.7919725031950156,0.49809606481481483,0.03625549180876164,0.8661924627812979,0.9024479545900596,0.015989999899395313,0.01118841181472574,1.2216267401936476,False,0.0,0.007251098361752329,0.49809606481481483,0.20674982505259765,True,False,19.90617844806386
22,False,0.9932851080246914,21.157847030743103,498.0760484182099,False,0.7987855882729515,0.7975359317972265,0.4881587577160494,0.005026165758997392,0.862217667823334,0.8672438335823314,0.01616779500547605,0.012265561697836214,-0.6126513346653882,False,0.0,0.0010052331517994783,0.4881587577160494,0.20121441172704846,True,False,19.276630347901914
23,False,0.9963146219135801,22.72583154130508,347.13404320987655,False,0.754203495414882,0.7527952893001006,0.5680526620370371,0.0794649502780359,0.8597024113931904,0.9391673616712263,0.015989999899395313,0.01118841181472574,3.8263416975915336,True,0.2,0.01589299005560718,0.5680526620370371,0.24579650458511804,True,False,25.280983913073275
24,False,0.9955328896604938,22.659530826955823,352.4741550925926,False,0.8053314723659875,0.8041400018570054,0.4924228395061728,0.0,0.8876144007276735,0.8874987151935914,0.01616779500547605,0.012265561697836214,-0.8890280738637818,False,0.2,0.0,0.4924228395061728,0.19466852763401254,True,False,21.12396945484476
25,False,0.996114486882716,22.679275532049004,350.8753086419753,False,0.7421411554316477,0.7406430743214573,0.5773046875,0.07727339620375873,0.8708273300105354,0.9481007262142941,0.015989999899395313,0.012987121368785215,3.182609656299627,False,0.2,0.015454679240751746,0.5773046875,0.2578588445683523,True,False,25.92131712461488
26,False,0.9950250771604938,22.650195486980408,353.2326277970679,False,0.746527172878703,0.7450427800075997,0.5761877893518519,0.06830941541571012,0.8730552095864442,0.9413646250021543,0.01616779500547605,0.013843400678017592,2.5403676823538808,False,0.2,0.013661883083142024,0.5761877893518519,0.25347282712129704,True,False,25.68610017553595
27,False,0.9968224344135802,21.419553329116162,468.94836709104936,False,0.7527603855773266,0.7513055780535889,0.5993504050925926,0.09678975329290396,0.8673039061966704,0.9640936594895744,0.016345590111556785,0.014344089775088498,3.78248423704149,True,0.4,0.019357950658580793,0.5993504050925926,0.2472396144226734,True,False,28.217885151865808
28,False,0.9947921489197531,21.337920634552077,477.8463768325617,False,0.7688650352112105,0.7674626680272061,0.5716141010802469,0.007022656627427515,0.8860018673281714,0.893024523955599,0.01756740100836318,0.013964604396493219,-0.5092868322505103,False,0.2,0.001404531325485503,0.5716141010802469,0.23113496478878948,True,False,24.42221223437837
29,False,0.9958781828703703,20.983049909883494,518.5317693865741,False,0.7948165877988924,0.7935418228025689,0.4896696566358025,0.029953034925284117,0.8631777550089704,0.8931307899342545,0.016345590111556785,0.014344089775088498,0.6398220017318808,False,0.2,0.005990606985056823,0.4896696566358025,0.20518341220110758,True,False,21.602879052485534
30,False,0.9956573109567901,20.938128985746463,523.9229976851852,False,0.7939850713795052,0.7927043682746905,0.4886067708333333,0.016287770661988277,0.8677661906977184,0.8840539613597067,0.01756740100836318,0.013243482596757727,-0.0651682729578306,False,0.2,0.0032575541323976555,0.4886067708333333,0.20601492862049475,True,False,21.52341839652258
31,False,0.9969405864197529,20.424890778578774,589.6458998842593,False,0.7007913845929941,0.6990322874982179,0.7098394097222223,0.051373109694976216,0.8718964805399829,0.9232695902349591,0.01756740100836318,0.012944045900987855,1.761462390583185,False,0.2,0.010274621938995244,0.7098394097222223,0.29920861540700594,True,False,30.52652544047062
32,False,0.9950843942901235,20.41306556409743,591.2536086998457,False,0.7023828129217806,0.7006283877910409,0.7114390432098765,0.0,0.910222447499713,0.8982297314122913,0.019420767060524202,0.0138890375907193,-0.9430813142439456,False,0.0,0.0,0.7114390432098765,0.2976171870782194,True,False,28.202577627984592
33,False,0.9952430555555556,20.03740502018555,644.6735599922839,False,0.7433785491382302,0.7417922229144159,0.6039404899691359,0.02480255412286181,0.8682531810286997,0.8930557351515616,0.019420767060524202,0.01450689013869072,0.25021192293354433,False,0.0,0.004960510824572361,0.6039404899691359,0.2566214508617698,True,False,24.22907835412751
34,False,0.9967443094135802,20.551719012107764,572.6753100887346,False,0.7078063122179886,0.7061378217684932,0.7110416666666667,0.04401646646612212,0.8644483042003454,0.9084647706664675,0.021932727894726556,0.016050160734695118,0.9280063867007459,False,0.0,0.008803293293224424,0.7110416666666667,0.2921936877820114,True,False,28.2669195378338
35,False,0.9961583719135804,20.872235190539413,531.9328872492284,False,0.7902780390482421,0.7889577492291674,0.517860725308642,0.027810799684688914,0.8663285714397313,0.8941393711244202,0.021932727894726556,0.016400998424921653,0.2417256536117806,False,0.0,0.005562159936937783,0.517860725308642,0.20972196095175788,True,False,20.453651564135708
36,False,0.9959288194444444,20.805402373370637,540.1820187114198,False,0.7873387492599894,0.7859976129322541,0.5219362461419753,0.0,0.8839464993071967,0.8644282930039044,0.024307843848218047,0.017777868944198083,-0.922202435672268,False,0.0,0.0,0.5219362461419753,0.21266125074001063,True,False,20.491549929449754
37,False,0.9963676697530865,21.174372413279748,496.1844155092593,False,0.7493974179279848,0.7479033346611991,0.6456621334876543,0.04403674353523257,0.8516180038443043,0.8956547473795369,0.021932727894726556,0.016400998424921653,0.9089898556990155,False,0.0,0.008807348707046515,0.6456621334876543,0.25060258207201525,True,False,25.176864170923285
38,False,0.9970394483024692,21.149146159299406,499.07491898148146,False,0.7088416987963396,0.7071388722474686,0.6742771026234567,0.04572292795608346,0.8584200018435507,0.9041429297996342,0.024307843848218047,0.019393966926384565,0.744756040263842,False,0.0,0.009144585591216692,0.6742771026234567,0.2911583012036604,True,False,27.32180567545103
39,False,0.9965316358024692,20.180222107075743,623.8183564814815,False,0.7667142318300905,0.7652171572623023,0.5669753086419753,0.04634362768027456,0.8536900325875457,0.9000336602678203,0.024307843848218047,0.019393966926384565,0.7663422206614074,False,0.0,0.00926872553605491,0.5669753086419753,0.23328576816990954,True,False,22.617446368077864
40,False,0.9954475308641976,20.68782604052268,555.0061005015432,False,0.7288750235865172,0.7272198387077253,0.6794039351851852,0.002130373352054016,0.8850168134173548,0.8871471867694088,0.02630667690377536,0.019726600914403647,-0.826606462830106,False,0.0,0.0004260746704108032,0.6794039351851852,0.27112497641348277,True,False,26.48725479421385
41,False,0.9952483603395061,20.84402093377716,535.399877507716,False,0.7474092751726082,0.7458601618963828,0.6667664930555556,0.045113159140640735,0.8498445219634464,0.8949576811040871,0.02630667690377536,0.020153167249831072,0.629398536035876,False,0.0,0.009022631828128147,0.6667664930555556,0.25259072482739175,True,False,25.780516650191444
42,False,0.9963951581790124,20.838029083202844,536.1390649112655,False,0.7771201073038022,0.7758857359724838,0.5575964506172839,0.012803942517002231,0.8543471873410016,0.8671511298580038,0.028881917304986515,0.02081968886981811,-0.5208576448827275,False,0.0,0.0025607885034004464,0.5575964506172839,0.2228798926961978,True,False,21.817531164901034
43,False,0.9964776234567901,20.494536312510345,580.2654726080247,False,0.805447751640234,0.8043024939362478,0.473960262345679,0.05433052355615142,0.8481365565107845,0.9024670800669359,0.02630667690377536,0.019350135664327972,0.9767976358885088,False,0.0,0.010866104711230284,0.473960262345679,0.19455224835976603,True,False,18.984318392570692
44,False,0.9952073688271605,20.954042748448813,522.0067105516976,False,0.7461716851012449,0.7448482434624921,0.5837109375,0.023656014788357882,0.872809291092879,0.8964653058812369,0.028881917304986515,0.02081968886981811,-0.169296899210971,False,0.0,0.004731202957671576,0.5837109375,0.2538283148987551,True,False,23.61870054768658
45,False,0.9961781442901234,20.96351299391926,520.8696604938272,False,0.7432611115457208,0.74196988557964,0.5826128472222222,0.07444943046478103,0.8524459509201948,0.9268953813849758,0.02630667690377536,0.019726600914403647,1.6460378712084374,False,0.0,0.014889886092956207,0.5826128472222222,0.25673888845427917,True,False,23.99787885924401
46,False,0.9957267554012346,20.627725828127048,562.7399893904321,False,0.725440638286091,0.7238087637202475,0.6300053047839507,0.03595422494212519,0.859182453614978,0.8951366785571032,0.028881917304986515,0.021452291692815928,0.22235648481457562,False,0.0,0.007190844988425038,0.6300053047839507,0.27455936171390904,True,False,25.575435629238335
47,False,0.9936077353395061,19.994740620217502,651.0379407793209,False,0.7659656959991689,0.7644365797264661,0.5380381944444445,0.07096081793227238,0.8621285204575059,0.9330893383897783,0.03295362993370465,0.020763290519574595,1.2346147321075278,False,0.0,0.014192163586454476,0.5380381944444445,0.23403430400083114,True,False,22.067920408733833
48,False,0.9970018325617285,19.855636341549104,672.2281992669753,False,0.7656532347939687,0.7641291056241969,0.5434003665123457,0.014178050270901577,0.8812827944092749,0.8954608446801765,0.036104858375443416,0.021559001785948162,-0.6859764154857928,False,0.0,0.0028356100541803153,0.5434003665123457,0.23434676520603126,True,False,21.872214246645143
49,False,0.996550925925926,20.595856945882545,566.884609375,False,0.7092623818307844,0.7075891784213963,0.6438329475308642,0.046743275069082935,0.8569490488601833,0.9036923239292662,0.03295362993370465,0.020763290519574595,0.44793892763954285,False,0.0,0.009348655013816588,0.6438329475308642,0.2907376181692156,True,False,26.552099974608645
50,False,0.9972771990740741,20.406773531000145,592.1108342978395,False,0.7704796550535222,0.7698620027087322,0.5647767168209876,0.03216061015295868,0.8637757991733799,0.8959364093263386,0.036104858375443416,0.02087194790899849,-0.12745686326308425,False,0.0,0.006432122030591736,0.5647767168209876,0.22952034494647777,True,False,22.345593654569164
51,False,0.9969246720679011,20.776136717199034,543.8344174382717,False,0.7422701518990845,0.7415489605106071,0.5987987075617284,0.07616187554712028,0.8524958776998117,0.928657753246932,0.036104858375443416,0.019021376447081573,1.4203561972775278,False,0.0,0.015232375109424056,0.5987987075617284,0.2577298481009155,True,False,24.44748362585797
52,False,0.9971566358024692,20.22711523660081,617.1188855131173,False,0.8046224964918531,0.8041128435821179,0.49561439043209876,0.0,0.8706428946458601,0.8596801882066554,0.039985345704123654,0.024752435237678727,-1.0895498176911378,False,0.0,0.0,0.49561439043209876,0.19537750350814687,True,False,19.228572383587608
53,False,0.9963782793209877,20.10918526909394,634.1059582368828,False,0.8039990317946837,0.8034781455372354,0.4907687114197531,0.03700464406943671,0.8547599675229806,0.8917646115924173,0.039985345704123654,0.024752435237678727,-0.08122032873483227,False,0.0,0.007400928813887342,0.4907687114197531,0.19600096820531632,True,False,19.351279537096516
54,False,0.9963831018518519,20.639575446498167,561.2066599151235,False,0.7146718498339921,0.713641392432519,0.6622313850308642,0.045860616714622715,0.8528448736110962,0.8987054903257189,0.03647943450578095,0.019021376447081573,0.3326413504782761,False,0.0,0.009172123342924544,0.6622313850308642,0.2853281501660079,True,False,26.817433581869615
55,False,0.9962258873456791,20.490762753957053,580.7698808834876,False,0.7427295260786946,0.741852342136251,0.6205661651234567,0.06801686276875918,0.8519471960566111,0.9199640588253702,0.04051055526777941,0.016281270812169568,1.139467667502547,False,0.0,0.013603372553751835,0.6205661651234567,0.2572704739213054,True,False,24.926721891944663
56,False,0.9964853395061728,20.632105207151888,562.1728144290123,False,0.7171515879577531,0.7161837954869922,0.6618479938271605,0.020526927399400208,0.8631096752911795,0.8836366026905798,0.04051055526777941,0.016281270812169568,-0.8278355004433025,False,0.0,0.0041053854798800415,0.6618479938271605,0.28284841204224687,True,False,26.569055831554056
57,False,0.9961766975308642,20.16333273137841,626.2490610532408,False,0.7678178173684099,0.7669994906492186,0.5432455632716049,0.036178845476847576,0.8510858016139322,0.8872646470907798,0.03647943450578095,0.015423091147788004,-0.013144943145978494,False,0.0,0.007235769095369516,0.5432455632716049,0.23218218263159007,True,False,21.92458854675686
58,False,0.9963816550925926,21.061559702115737,509.2422058256173,False,0.7689076278180021,0.7683810182476175,0.5600371334876543,0.035576060862906544,0.8532399116013805,0.888815972464287,0.03606653520948638,0.013858547453309167,-0.023870056765344184,False,0.0,0.007115212172581309,0.5600371334876543,0.23109237218199785,True,False,22.30261772873872
59,False,0.9969796489197532,21.069382603312544,508.3257388117284,False,0.7653021651223061,0.7646891030449094,0.5595428240740741,0.0372509932066587,0.8522417656996084,0.8894927589062671,0.03606653520948638,0.011837250753876538,0.06748699265885989,False,0.0,0.00745019864133174,0.5595428240740741,0.2346978348776939,True,False,22.426500781811093
60,False,0.9969762731481482,21.02773192053841,513.2242500964506,False,0.7623052064491631,0.7616655277990181,0.5660744598765433,0.0,0.8713310585634362,0.8661004082098426,0.03659174477314214,0.012362460317532298,-1.9963216534739499,False,0.0,0.0,0.5660744598765433,0.2376947935508369,True,False,22.47117927119287
61,False,0.9964848572530864,23.8587573668823,267.4266131365741,False,0.8249138141521493,0.8239136012276708,0.4087162422839506,0.0694281364040924,0.8533141020258249,0.9227422384299173,0.03659174477314214,0.012362460317532298,1.791442305941396,False,0.0,0.01388562728081848,0.4087162422839506,0.17508618584785074,True,False,16.762491380198096
62,False,0.9956770833333333,23.713471239944496,276.5242587770062,False,0.8014056413019656,0.8002830841549856,0.41750096450617286,0.03699701722204163,0.8537960454898476,0.8907930627118892,0.03659174477314214,0.012362460317532298,0.02211029209758514,False,0.0,0.007399403444408326,0.41750096450617286,0.19859435869803443,True,False,17.610308770417777
63,False,0.9965441743827161,23.80060930204614,271.0312890625,False,0.8417806741799299,0.8408499101604788,0.3886540316358025,0.026246402238181976,0.8480072003789874,0.8742536026171693,0.03700083064573917,0.010970360473110563,-0.6611739556238868,False,0.0,0.005249280447636395,0.3886540316358025,0.15821932582007014,True,False,15.41150560802661
64,False,0.996390335648148,23.818202965547886,269.9355377121914,False,0.8087804543510829,0.8077034738994514,0.4132923418209877,0.029080521220658517,0.8646286741101706,0.8937091953308292,0.03700083064573917,0.01024843641545048,-0.5212330677557064,False,0.0,0.0058161042441317035,0.4132923418209877,0.19121954564891708,True,False,17.199475770560742
65,False,0.9946310763888889,20.98543649467519,518.2468981481481,False,0.8083117281418165,0.8070757340799006,0.47740596064814816,0.028811010894375433,0.845843383057089,0.8746543939514644,0.0365879313494446,0.01024843641545048,-0.5117966848178448,False,0.0,0.005762202178875087,0.47740596064814816,0.1916882718581835,True,False,18.817104596606377
66,False,0.9970134066358025,21.297575171036332,482.30619888117286,False,0.7912331077967327,0.7899283729762813,0.5384481095679012,9.273942593557294e-05,0.856507590797705,0.8566003302236406,0.0365879313494446,0.01024843641545048,-2.401737081683547,False,0.0,1.8547885187114587e-05,0.5384481095679012,0.20876689220326727,True,False,20.7686004028675
67,False,0.9968629436728395,21.05373779125974,510.16020881558643,False,0.7813747946393821,0.7799849012517184,0.5083579282407408,0.045454425191940206,0.8494693473736242,0.8949237725655644,0.0365879313494446,0.01024843641545048,0.5835011661446554,False,0.0,0.009090885038388041,0.5083579282407408,0.2186252053606179,True,False,20.633556944791785
68,False,0.9962181712962963,21.167992784012633,496.913828125,False,0.7738212168811867,0.7724229968069828,0.5453636188271604,0.0,0.8721170777329407,0.8645408567489127,0.0365879313494446,0.01024843641545048,-2.407840234084289,False,0.0,0.0,0.5453636188271604,0.22617878311881334,True,False,21.550347879837478
69,False,0.9958386381172839,22.94903897485225,329.74366705246916,False,0.7892695139202066,0.7887688864032351,0.4758791473765432,0.07737807162385046,0.8554431967961177,0.9328212684199682,0.03606653520948638,0.011543630140362526,2.4136793390007147,False,0.0,0.015475614324770093,0.4758791473765432,0.2107304860797934,True,False,19.73681412694945
70,False,0.9965952932098766,22.94357225100923,330.1589964313272,False,0.8081018362826323,0.8077147138813805,0.4670081018518519,0.0,0.8601241729204564,0.8590377820689103,0.03606653520948638,0.013975064115607339,-1.7406267683093029,False,0.0,0.0,0.4670081018518519,0.19189816371736768,True,False,18.391638276404166
71,False,0.9962533757716049,22.563170763157324,360.38216049382714,False,0.8480602876365498,0.8477692380539327,0.3780256558641975,0.00988890099043227,0.8541361945988102,0.8640250955892425,0.03606653520948638,0.013975064115607339,-1.2633731127216885,False,0.0,0.001977780198086454,0.3780256558641975,0.15193971236345016,True,False,14.827864735268287
72,False,0.9966049382716049,22.774030696389584,343.3027570408951,False,0.7988940471618368,0.7984532281093145,0.47555025077160495,0.0,0.8711397615652192,0.8610472908585228,0.03576514290251587,0.016901798078375607,-1.4272029314313093,False,0.0,0.0,0.47555025077160495,0.20110595283816324,True,False,18.927464618625837
73,False,0.9944931520061728,21.483027488556353,462.14431182484566,False,0.7468979530340564,0.746084451771371,0.6726663773148148,0.06590038905673201,0.8465069025351128,0.9124072915918449,0.03576514290251587,0.016901798078375607,1.2025427038815475,False,0.0,0.013180077811346402,0.6726663773148148,0.25310204696594363,True,False,26.07063341101879
74,False,0.996643036265432,21.452791500806036,465.37302999614195,False,0.7291597170403897,0.7282611034606461,0.6919854359567901,0.02943651497989208,0.8498724453239734,0.8793089603038655,0.03576514290251587,0.018412654067364975,-0.231821261457472,False,0.0,0.005887302995978417,0.6919854359567901,0.27084028295961027,True,False,26.95566489238546
75,False,0.9964457947530864,21.409885161257236,469.9934924768518,False,0.7144974378379982,0.7135968184534738,0.6985392554012345,0.05331393849110544,0.8450935093669987,0.8984074478581041,0.03576514290251587,0.018412654067364975,0.6428224221972472,False,0.0,0.010662787698221089,0.6985392554012345,0.28550256216200176,True,False,27.775954691647552
76,False,0.9952589699074075,21.309011676029385,481.03778742283953,False,0.7524043627012322,0.751606875011034,0.6539072145061728,0.007136319490294252,0.8616913311431127,0.868827650633407,0.03576514290251587,0.016393505545852616,-1.1778495053187872,False,0.0,0.0014272638980588504,0.6539072145061728,0.24759563729876777,True,False,25.05634558505296
77,False,0.9944550540123457,21.92183825991969,417.7308357445988,False,0.8186579975532915,0.817555063016917,0.4674189814814815,0.09381404743194621,0.8496486219434934,0.9434626693754397,0.03386833550793261,0.01956794411010193,2.0662076147374693,False,0.0,0.018762809486389243,0.4674189814814815,0.1813420024467085,True,False,18.59532890726351
78,False,0.9951437114197531,21.589405951204544,450.9618108603395,False,0.8206969176947518,0.8195757397935316,0.4327637924382716,0.019256215217874684,0.8557665548809417,0.8750227700988163,0.03386833550793261,0.01956794411010193,-0.5036502735850087,False,0.0,0.003851243043574937,0.4327637924382716,0.17930308230524816,True,False,17.210239982947723
79,False,0.9962765239197531,21.544660594009827,455.6320876736111,False,0.8090915133149225,0.8078858352149194,0.44139274691358027,0.05258063319859785,0.8542574790209813,0.9068381122195791,0.03386833550793261,0.017028861636615378,0.7411400866427789,False,0.0,0.01051612663971957,0.44139274691358027,0.19090848668507754,True,False,18.03209950600881
80,False,0.9963334297839506,20.53385761880542,575.0354234182099,False,0.7582423917048644,0.7567644793696889,0.6178747106481481,0.0,0.8669161981099875,0.8538256136672492,0.03386833550793261,0.01907895033691903,-1.1972918516623214,False,0.0,0.0,0.6178747106481481,0.2417576082951356,True,False,23.90838405653345
81,False,0.9920524691358026,20.640326500399887,561.109615162037,False,0.729305742742869,0.7276939980036073,0.6658429783950617,0.05697682557879402,0.8527863137568067,0.9097631393356007,0.03250628792139931,0.021712518750336585,0.7601439063369942,False,0.0,0.011395365115758805,0.6658429783950617,0.27069425725713103,True,False,26.46223441734889
82,False,0.9944492669753086,20.371838115092487,596.8930873842593,False,0.7811863022244544,0.7798053200345313,0.5622916666666666,0.0,0.8563931931764183,0.8395097492119021,0.03250628792139931,0.021712518750336585,-1.0097635379752525,False,0.0,0.0,0.5622916666666666,0.2188136977755456,True,False,21.71577108881076
83,False,0.995388213734568,20.251733339891313,613.6306259645062,False,0.7800350951094198,0.7786397414949904,0.5613261959876543,0.023782685483777044,0.850711427356294,0.8744941128400711,0.03250628792139931,0.021712518750336585,-0.27098682207586267,False,0.0,0.004756537096755409,0.5613261959876543,0.21996490489058018,True,False,21.87462268376433
84,False,0.9945211226851852,21.238951441079777,488.8608029513889,False,0.7322944323510872,0.7314048352033843,0.6141401427469135,0.01632605897647388,0.8671735742002216,0.8834996331766954,0.0292585181002753,0.022722156854151798,-0.3838792817632869,False,0.0,0.003265211795294776,0.6141401427469135,0.26770556764891285,True,False,24.821154790243632
85,False,0.9968817515432099,21.0159261295842,514.6212885802469,False,0.7933865826787219,0.7927431517784489,0.5209114583333333,0.05163196059538433,0.8506877162584925,0.9023196768538768,0.028945766057516975,0.022722156854151798,0.6734032546919687,False,0.0,0.010326392119076867,0.5209114583333333,0.20661341732127814,True,False,20.564047828150372
86,False,0.9962162422839507,21.186297039975393,494.8238874421296,False,0.7378376550787744,0.7369977256537956,0.6063951581790124,0.033414244528810255,0.8544553413225998,0.8878695858514101,0.028945766057516975,0.02224782055254504,0.13546747462878123,False,0.0,0.006682848905762051,0.6063951581790124,0.2621623449212256,True,False,24.536046493891067
87,False,0.9960913387345679,20.870575487456556,532.1362099729938,False,0.7962161495517235,0.7955870541050601,0.5023471257716049,0.028335312890891307,0.8457056164336704,0.8740409293245617,0.0292585181002753,0.02224782055254504,-0.027988112527078647,False,0.0,0.005667062578178261,0.5023471257716049,0.20378385044827652,True,False,19.861124787325146
88,False,0.99703800154321,21.49725449343596,460.63285542052466,False,0.7560931199548577,0.7555712098571401,0.5562991898148149,0.022576853224408167,0.86465685093817,0.8872337041625782,0.028945766057516975,0.02224782055254504,-0.19308150261321014,False,0.0,0.004515370644881634,0.5562991898148149,0.24390688004514227,True,False,22.5796816662968
89,False,0.9960180362654322,21.33726360309393,477.91867428626546,False,0.7927579785678368,0.7922402709465282,0.5066661844135802,0.051774900562235104,0.8568894038626715,0.9086643044249066,0.02857316189263337,0.02224782055254504,0.7033895239195828,False,0.0,0.01035498011244702,0.5066661844135802,0.2072420214321632,True,False,20.230774763838628
90,False,0.9904113618827161,21.262127032567737,486.25900559413583,False,0.7969946505023726,0.7964375510152546,0.4870886381172839,0.03257468326615809,0.8735834025633955,0.9061580858295536,0.02857316189263337,0.023130268686176347,0.11668305825858906,False,0.0,0.006514936653231618,0.4870886381172839,0.20300534949762739,True,False,19.477851284946006
91,False,0.9935561342592593,21.511089014929205,459.1678366126543,False,0.7864188154925192,0.7859366806491102,0.5305830439814815,0.017672725626998842,0.8607186971720698,0.8783914227990687,0.028945766057516975,0.02224782055254504,-0.34175622156873764,False,0.0,0.0035345451253997683,0.5305830439814815,0.21358118450748076,True,False,20.845953911060853
92,False,0.9930492862654321,22.91633621428084,332.23603829089507,False,0.8198556755429888,0.819541227248692,0.43517168209876544,0.008849541794338722,0.8703556524880383,0.879205194282377,0.02857316189263337,0.02006055165227011,-0.6631399000678208,False,0.0,0.0017699083588677445,0.43517168209876544,0.18014432445701123,True,False,17.237440659230565
93,False,0.9964872685185184,22.845523156310975,337.69765528549385,False,0.828397246857334,0.8281018362240341,0.40322868441358023,0.0010220990797549234,0.8537000522273999,0.8547221513071548,0.02729085756453664,0.019297926922220154,-0.9180994250179747,False,0.0,0.00020441981595098468,0.40322868441358023,0.17160275314266604,True,False,16.092946064811347
94,False,0.9948239776234566,22.807698550617758,340.65165702160493,False,0.8226145749347683,0.8223070827923495,0.41976948302469136,0.05069194027952806,0.87880183335659,0.9294937736361181,0.026058999187334175,0.02221616305609264,0.747842311507121,False,0.0,0.010138388055905612,0.41976948302469136,0.1773854250652317,True,False,17.00687859457756
95,False,0.9948148148148148,22.9948556157654,326.28326485339505,False,0.8253025559293597,0.8250188833715225,0.43301456404320987,0.017936901447717757,0.8568863195165828,0.8748232209643005,0.026058999187334175,0.024834920599886567,-0.2205817840459288,False,0.0,0.0035873802895435513,0.43301456404320987,0.17469744407064025,True,False,17.047396052238962
96,False,0.9960460069444445,21.895105119517673,420.31012201003085,False,0.8427478159800867,0.8417889938947491,0.3971513310185185,0.01957165774126801,0.8633449971408285,0.8829166548820965,0.023179769354092605,0.022680842883002317,-0.10729608173506239,False,0.0,0.003914331548253602,0.3971513310185185,0.15725218401991325,True,False,15.550039662607535
97,False,0.9969222608024692,22.03297071283601,407.177048128858,False,0.8407475855627441,0.8397732296454208,0.40805121527777777,0.007450040867711727,0.8517675922336861,0.8592176331013979,0.023179769354092605,0.02221616305609264,-0.4775457573907917,False,0.0,0.0014900081735423453,0.40805121527777777,0.1592524144372559,True,False,15.81981513245467
98,False,0.9949575617283949,22.094517690657046,401.44734664351853,False,0.8409597644306145,0.8399829033902773,0.40522376543209876,0.042076673769706696,0.8755647357983497,0.9176414095680564,0.02107425548283809,0.0169950461978135,0.8335002275413695,False,0.0,0.00841533475394134,0.40522376543209876,0.1590402355693855,True,False,15.9494624233492
99,False,0.9946923225308643,20.763076500956636,545.4723119212963,False,0.7686725416743527,0.7673621711184878,0.5789535108024692,0.016715196106974917,0.8484724866025694,0.8651876827095443,0.023179769354092605,0.017470177139706222,-0.24957540773438885,False,0.0,0.0033430392213949834,0.5789535108024692,0.23132745832564727,True,False,22.670589988101234
100,False,0.9956987847222223,20.965602789919593,520.6190817901235,False,0.7520566978559972,0.7506926092824736,0.5903496334876543,0.046608825728487235,0.8515576534665338,0.898166479195021,0.02107425548283809,0.0137810753038351,1.2496839613683477,False,0.0,0.009321765145697446,0.5903496334876543,0.24794330214400284,True,False,23.71640936660238
101,False,0.9961781442901234,20.993702612129606,517.261434220679,False,0.7519193152720635,0.7505457974471609,0.5907175925925926,0.03509591832525438,0.8472452438389375,0.8823411621641919,0.023179769354092605,0.015886589175089616,0.5058978398446313,False,0.0,0.007019183665050876,0.5907175925925926,0.24808068472793654,True,False,23.661339290244122
102,False,0.9948707561728395,20.87721931109152,531.3227719907408,False,0.7685265323067991,0.7671800221583507,0.5790065586419753,0.03684574446854927,0.8662108949241321,0.9030566393926813,0.026058999187334175,0.01790920785630895,0.4062315919232292,False,0.0,0.007369148893709853,0.5790065586419753,0.23147346769320087,True,False,22.79780980212271
103,False,0.9937567515432099,22.166673828076735,394.83257667824074,False,0.8435331836410871,0.842566720820151,0.40142795138888887,0.018536596928697135,0.8454295877728379,0.8639661847015351,0.028885913935391694,0.015456835813705272,-0.4515939857334723,False,0.0,0.003707319385739427,0.40142795138888887,0.1564668163589129,True,False,15.623256938856356
104,False,0.9954943094135803,22.239496845280332,388.26717544367284,False,0.8410036945314682,0.8400298360247863,0.4110498649691358,0.01874547681910843,0.8555023793770948,0.8742478561962033,0.026058999187334175,0.013402209931793807,-0.36804788440113395,False,0.0,0.0037490953638216864,0.4110498649691358,0.15899630546853183,True,False,15.95359017654166
105,False,0.9961713927469136,22.14021749934445,397.24515673225307,False,0.8450176491536394,0.8440589760669754,0.3957098765432099,0.008407107200489872,0.853082231412123,0.8614893386126129,0.023179769354092605,0.013998101337105273,-0.7117782467550584,False,0.0,0.0016814214400979743,0.3957098765432099,0.15498235084636058,True,False,15.367571836405805
106,False,0.9952700617283949,23.349195692363857,300.71894675925927,False,0.8296838260467265,0.8294065355593634,0.4330222800925926,0.02245277245065891,0.8857385532050431,0.908191325655702,0.02107425548283809,0.01314568144873729,0.07072659228580341,False,0.0,0.004490554490131781,0.4330222800925926,0.17031617395327348,True,False,16.921339725383337
107,False,0.9916989776234566,23.169121348016272,313.4499652777778,False,0.8318731211686294,0.8315402799276561,0.4123148148148148,0.025765420031906516,0.8623701259264889,0.8881355459583954,0.022514812837533538,0.01312318826545783,0.16706243855331662,False,0.0,0.005153084006381303,0.4123148148148148,0.16812687883137056,True,False,16.346903649659776
108,False,0.9965967399691358,23.134374842386293,315.9678366126543,False,0.8326981129219735,0.8323724028653166,0.40314573688271604,0.025077539541937588,0.8695787422604463,0.8946562818023839,0.022514812837533538,0.011740268589498781,0.14722288229902725,False,0.0,0.005015507908387518,0.40314573688271604,0.1673018870780265,True,False,16.084674707050453
109,False,0.9951099537037037,23.291051166293105,304.7721257716049,False,0.8283509856656149,0.8280198221005844,0.4316261574074074,0.005386165696838918,0.8687392656959261,0.874125431392765,0.023179769354092605,0.011075312072939714,-1.0835713076739437,False,0.0,0.0010772331393677837,0.4316261574074074,0.17164901433438506,True,False,16.830686431069697
110,False,0.9966184413580246,21.557659383124893,454.27038242669755,False,0.7910256819181988,0.7905429080754468,0.5365543016975308,0.03063496637207186,0.8844067204844231,0.915041686856495,0.022514812837533538,0.011740268589498781,0.4664845478883659,False,0.0,0.006126993274414372,0.5365543016975308,0.20897431808180122,True,False,20.911768473533744
111,False,0.9936829668209877,21.35714136645331,475.7362273341049,False,0.8067079278243323,0.8061442686223179,0.48148051697530864,0.023858212610911256,0.862983218029894,0.8868414306408052,0.023179769354092605,0.009814694543391567,0.046621141391752635,False,0.0,0.004771642522182251,0.48148051697530864,0.19329207217566768,True,False,18.94538472619655
112,False,0.9962596450617284,21.478794600227218,462.5949643132716,False,0.8046696219071102,0.8041282954083356,0.5049059606481482,0.02590649290968905,0.8662765888629858,0.8921830817726748,0.023179769354092605,0.008425055465022369,0.21827780519299925,False,0.0,0.0051812985819378096,0.5049059606481482,0.19533037809288978,True,False,19.61465120691298
113,False,0.9939033564814815,21.639965362342984,445.74227430555555,False,0.7665429691296344,0.76599747603546,0.5558241705246914,0.019438467674123938,0.8635284392133475,0.8829669068874715,0.02382044904734415,0.007299821505619752,-0.4048500192180728,False,0.0,0.0038876935348247875,0.5558241705246914,0.23345703087036562,True,False,22.18323114962482
114,False,0.9932880015432098,21.243845663844226,488.3101982060185,False,0.8028927056268107,0.8021894556526857,0.5003612075617284,0.010769457145444639,0.8835840740673493,0.8943535312127939,0.02321753291765971,0.00715445369779899,-1.1734397847755542,False,0.0,0.002153891429088928,0.5003612075617284,0.1971072943731893,True,False,19.472402234977505
115,False,0.9922082368827161,21.526923910274537,457.4967042824074,False,0.746430813522942,0.745552845277281,0.6060976080246914,0.027709036335448745,0.8599072995014003,0.8876163358368491,0.02321753291765971,0.008387291901455263,0.361169490887332,False,0.0,0.005541807267089749,0.6060976080246914,0.25356918647705795,True,False,24.193615945327004
116,False,0.9955676118827159,21.43733527847702,467.03220920138887,False,0.8042316532692553,0.8035271337163811,0.5117066936728395,0.0028476453843470084,0.8657038080235185,0.8685514534078655,0.02321753291765971,0.006959885132548471,-1.9738787764693302,False,0.0,0.0005695290768694017,0.5117066936728395,0.19576834673074472,True,False,19.661645349703136
117,False,0.993386863425926,21.64613013695886,445.10999565972224,False,0.7408716168905125,0.7399304112274445,0.6114139660493827,0.020293365332086366,0.8601809486680331,0.8804743140001194,0.022514812837533538,0.006970326793948045,-0.21493982770788084,False,0.0,0.004058673066417273,0.6114139660493827,0.2591283831094875,True,False,24.476602752059147
118,False,0.9959866898148149,20.515318524645846,577.4953722993827,False,0.7891192393517619,0.7877607093426607,0.5549522569444445,0.013219132562719782,0.8797145513723414,0.8929336839350612,0.021373068891372637,0.007798932462387664,-0.705132289367186,False,0.0,0.0026438265125439562,0.5549522569444445,0.21088076064823813,True,False,21.333947841675766
119,False,0.9943161651234568,20.673602351684355,556.8267949459877,False,0.7927019680086941,0.7913669518285714,0.5510421489197531,0.0,0.8605145377996022,0.8502249993447386,0.01993251153667719,0.008469789595002053,-1.5871969597567446,False,0.0,0.0,0.5510421489197531,0.20729803199130592,True,False,21.031484842689537
120,False,0.993193962191358,20.934190090171104,524.3983926504629,False,0.7421373198654395,0.740568741287414,0.6601668595679012,0.011082106732141495,0.857891254548769,0.8689733612809105,0.019505062707695975,0.008469789595002053,-0.670707757623283,False,0.0,0.002216421346428299,0.6601668595679012,0.2578626801345605,True,False,25.595857934299993
121,False,0.9968012152777778,20.861843674764227,533.2071855709877,False,0.7754237561002558,0.774025887647525,0.5973871527777778,0.01820494312006582,0.8547662054619267,0.8729711485819925,0.019091972246616185,0.008166190307823118,-0.07325858380178568,False,0.0,0.003640988624013164,0.5973871527777778,0.22457624389974418,True,False,22.904077014655883
122,False,0.9925303819444444,21.869105843131116,422.83387827932097,False,0.8160150102847055,0.8148921837368382,0.42953896604938274,0.020575772824058314,0.877369754372586,0.8979455271966443,0.019091972246616185,0.008166190307823118,0.12254516305503779,False,0.0,0.004115154564811663,0.42953896604938274,0.18398498971529453,True,False,17.301403428214225
123,False,0.9904195601851852,21.94541384024937,415.46933690200615,False,0.8278599858566769,0.8268182359197798,0.41991319444444447,0.046025806944719694,0.8604329863225947,0.9064587932673144,0.019505062707695975,0.007302701914872922,2.449277694152441,False,0.0,0.00920516138894394,0.41991319444444447,0.17214001414332314,True,False,16.798885197795737
124,False,0.9957445987654321,22.29761768288049,383.1056814236111,False,0.8256148518903866,0.8245890713079054,0.45196228780864195,0.037927403567103446,0.8617234328096761,0.8996508363767796,0.01993251153667719,0.007244951886364481,1.6751330748466347,False,0.0,0.007585480713420689,0.45196228780864195,0.17438514810961336,True,False,17.630101800455137
125,False,0.993969425154321,21.692561632801137,440.37656298225306,False,0.7662884002238357,0.7654126886827404,0.6453896604938272,0.06659092516261012,0.8577390874743454,0.9243300126369555,0.01993251153667719,0.007244951886364481,4.343402102803489,True,0.2,0.013318185032522023,0.6453896604938272,0.2337115997761643,True,False,26.71419305548709
126,False,0.994630111882716,21.6883389968325,440.80494839891975,False,0.7244169720101327,0.7234444138968879,0.7003655478395062,0.021050712280195727,0.8736126616807619,0.8946633739609576,0.02043456907807234,0.008313464801653625,0.049985077436190704,False,0.2,0.004210142456039146,0.7003655478395062,0.27558302798986734,True,False,29.280848949314187
127,False,0.991439525462963,21.809296317907815,428.6972810570988,False,0.7421236846547079,0.74114227511811,0.6868754822530864,0.06727437536981085,0.8538465567540989,0.9211209321239098,0.02081324255212702,0.008662622904696382,3.6172837350337272,True,0.4,0.01345487507396217,0.6868754822530864,0.2578763153452921,True,False,30.60120434563125
128,False,0.9945490933641976,21.8283808675508,426.81755545910494,False,0.7594929450605375,0.7585958379645765,0.6702787422839506,0.035198555064483994,0.8532438759523043,0.8884424310167883,0.021751742365427318,0.008707916904676039,1.0414716339407135,False,0.4,0.007039711012896799,0.6702787422839506,0.24050705493946245,True,False,29.38590681036686
129,False,0.9950390625000001,23.375567070001562,298.8984437692901,False,0.8074917370261369,0.8069653472292875,0.47132908950617286,0.0598666639279668,0.8461862368081432,0.90605290073611,0.021751742365427318,0.008707916904676039,2.9520459997219164,False,0.4,0.011973332785593361,0.47132908950617286,0.19250826297386314,True,False,22.880216425307335
130,False,0.9953264853395062,23.044316431110598,322.58837866512346,False,0.8531347392146986,0.8527947015264954,0.37515335648148146,0.0,0.8663770807239399,0.8556660367884189,0.023155492530785082,0.0109383928812673,-1.4277419831129663,False,0.2,0.0,0.37515335648148146,0.14686526078530138,True,False,16.519118039522585
131,False,0.9939506172839506,23.4347869742997,294.85036072530863,False,0.8156467746554882,0.8151824207887278,0.4616989776234568,0.03580238950908077,0.8480664919809402,0.883868881490021,0.021751742365427318,0.009776429819965182,0.9693086380049116,False,0.2,0.007160477901816153,0.4616989776234568,0.18435322534451182,True,False,20.209651664698818
132,False,0.9948668981481481,23.435972634579965,294.7698750964506,False,0.7956831530929123,0.7950932298765189,0.47660686728395063,0.0511220150458771,0.8548715217044097,0.9059935367502868,0.021751742365427318,0.009776429819965182,2.0261599852771743,False,0.0,0.01022440300917542,0.47660686728395063,0.20431684690708773,True,False,19.372993414122096
133,False,0.9956635802469136,21.559564850592327,454.0711149691358,False,0.7852445552578826,0.783957426397168,0.5440634645061728,0.06145650678899961,0.8552923710737999,0.9167488778627995,0.021751742365427318,0.009776429819965182,2.739103098400886,False,0.0,0.012291301357799923,0.5440634645061728,0.21475544474211739,True,False,21.486766219362426
134,False,0.9964998070987655,21.369635571269363,474.36955005787036,False,0.7869447759389085,0.7856420179521736,0.5153096064814815,0.022708191056203586,0.8761487884989014,0.898856979555105,0.023155492530785082,0.01205822416617125,-0.025018927506458066,False,0.0,0.004541638211240717,0.5153096064814815,0.21305522406109145,True,False,20.47592215051246
135,False,0.9942814429012345,21.653712427503105,444.3335619212963,False,0.799187264410242,0.7979720795353572,0.539237075617284,0.008419017054940081,0.8609323284831499,0.86935134553809,0.02328320183355742,0.01205822416617125,-0.8313989167300828,False,0.0,0.0016838034109880162,0.539237075617284,0.20081273558975798,True,False,20.559886738403268
136,False,0.9944791666666667,21.374412735089592,473.8480386766975,False,0.8147499087799608,0.8136130314259545,0.48223765432098764,0.011996057419331407,0.8618013218432886,0.87379737926262,0.02328320183355742,0.01205822416617125,-0.6313242050423716,False,0.0,0.0023992114838662813,0.48223765432098764,0.18525009122003921,True,False,18.61167089524205
137,False,0.9924266975308642,24.16943793910589,248.96400800540124,False,0.8145520639996762,0.8135270858651742,0.4105541087962963,0.032005535975634825,0.8733456648721534,0.9053512008477882,0.02328320183355742,0.01205822416617125,0.48786659107688535,False,0.0,0.0064011071951269646,0.4105541087962963,0.18544793600032383,True,False,16.94656369577255
138,False,0.9904648919753087,24.088973292335194,253.61972752700618,False,0.8450263706381966,0.8441522769997646,0.38634066358024693,0.0,0.8970742027268002,0.892352117144199,0.02328320183355742,0.01205822416617125,-1.3023000635913888,False,0.0,0.0,0.38634066358024693,0.15497362936180337,True,False,15.082593617169291
139,False,0.9943156828703703,24.031585841093182,256.99328559027776,False,0.8075384601929343,0.8064566735423409,0.41652006172839506,0.027429213445351874,0.8778892335301453,0.9053184469754971,0.021879451668199656,0.012214548959519678,0.30644245283126875,False,0.0,0.005485842689070375,0.41652006172839506,0.1924615398070657,True,False,17.313730717129285
140,False,0.9944704861111111,24.13596752248961,250.89014853395062,False,0.8281035241882758,0.8271581585395947,0.4097149884259259,0.06818870396394383,0.8756606785045826,0.9438493824685265,0.02328320183355742,0.01205822416617125,2.511700869066868,False,0.0,0.013637740792788766,0.4097149884259259,0.17189647581172418,True,False,16.668383587842158
141,False,0.9954436728395062,21.452844602206188,465.3673398919753,False,0.7720499569913555,0.7712953335075244,0.5624223572530864,0.006857443557547471,0.8736401434922252,0.8804975870497727,0.02328320183355742,0.012357419894764354,-0.8964992359617187,False,0.0,0.0013714887115094943,0.5624223572530864,0.22795004300864452,True,False,22.079955097975006
142,False,0.9937996720679011,21.42199941474536,468.6843147183642,False,0.7709731648715243,0.770230652195288,0.5613647762345679,0.006758686730128138,0.8958172230707186,0.9025759098008468,0.021879451668199656,0.013389769004771956,-0.7616488752109225,False,0.0,0.0013517373460256276,0.5613647762345679,0.22902683512847566,True,False,22.090610755741615
143,False,0.9954402970679013,21.4736226674246,463.14618827160496,False,0.7770060643894662,0.7763535622370339,0.5605463927469135,0.020402667200489777,0.869089163614321,0.8894918308148108,0.02081324255212702,0.014005177408289216,-0.019772398190715135,False,0.0,0.004080533440097955,0.5605463927469135,0.22299393561053382,True,False,21.94086356824446
144,False,0.995721450617284,20.91898906623934,526.2370896026234,False,0.7776323061078414,0.7767261470368795,0.5364081790123457,0.04990439526308088,0.8709038429997723,0.9208082382628532,0.02081324255212702,0.014005177408289216,1.4009653841472958,False,0.0,0.009980879052616177,0.5364081790123457,0.2223676938921586,True,False,21.492500133112678
145,False,0.9968595679012345,21.364464902435348,474.9346662808642,False,0.7296756008983865,0.728577927039159,0.6553462577160494,0.021781613225294816,0.8682816373231005,0.8900632505483953,0.021879451668199656,0.014472472975766648,-0.004559555951013385,False,0.0,0.004356322645058963,0.6553462577160494,0.27032439910161354,True,False,25.97570009080948
146,False,0.995736400462963,21.178464248313485,495.7171407214506,False,0.7522461238056127,0.7512526762175183,0.6129769483024692,0.0,0.8884358070720979,0.8744765507404164,0.02141616275274527,0.014472472975766648,-0.998055461922316,False,0.0,0.0,0.6129769483024692,0.24775387619438727,True,False,23.995809374365283
147,False,0.9959596836419753,21.427107263430447,468.1334071180556,False,0.7270556811384975,0.7259480989447317,0.6566941550925925,0.0400360018809488,0.8621222693988245,0.9021582712797733,0.02141616275274527,0.014472472975766648,0.8677386493822853,False,0.0,0.00800720037618976,0.6566941550925925,0.2729443188615025,True,False,26.21062104875309
148,False,0.9952652391975308,21.216592125227862,491.3841550925926,False,0.8111122214437978,0.8104478104102601,0.4800270061728395,0.03928458870412577,0.8658297181642751,0.9051143068684009,0.0222449021407492,0.015436836996911396,0.7444924747459418,False,0.0,0.007856917740825153,0.4800270061728395,0.1888877785562022,True,False,18.84745493601282
149,False,0.9968277391975308,21.31922430075158,479.90793499228397,False,0.8125867722745963,0.8119463293258117,0.4839453125,0.005965487674713277,0.8623420722055057,0.868307559880219,0.02506870225077773,0.01580849241300436,-0.815029772681218,False,0.0,0.0011930975349426554,0.4839453125,0.1874132277254037,True,False,18.693888708937408
150,False,0.9955584490740741,21.66880325076874,442.79227527006174,False,0.7506163058671965,0.7497516838860754,0.5965272955246913,0.0,0.8847536264179832,0.8842149046228099,0.02506870225077773,0.01580849241300436,-1.0695445321786128,False,0.0,0.0,0.5965272955246913,0.24938369413280348,True,False,23.641611682765404
151,False,0.9954248649691357,21.44481154654006,466.2289168595679,False,0.7824723471595312,0.7817241418505111,0.5516488233024691,0.02788493544539128,0.8607175321880343,0.8886024676334255,0.02506870225077773,0.017430471944533954,0.10897293952232892,False,0.0,0.0055769870890782555,0.5516488233024691,0.21752765284046882,True,False,21.571998044650485
152,False,0.9960927854938273,21.249966769640555,487.6224406828704,False,0.7189076540797487,0.7172880330369162,0.6396460262345679,0.03925703776998002,0.8676746507478926,0.9069316885178726,0.027657074445371577,0.018803394944889806,0.41608376843592754,False,0.0,0.007851407553996003,0.6396460262345679,0.28109234592025134,True,False,26.064924989692873
153,False,0.9953105709876544,20.56054068742371,571.5132349537037,False,0.7758957110758474,0.7744738366165074,0.5339737654320987,0.04449720614871322,0.8590579833175681,0.9035551894662813,0.029945235710513052,0.018954168921874737,0.5178185532358639,False,0.0,0.008899441229742644,0.5339737654320987,0.22410428892415257,True,False,21.45997748504009
154,False,0.9964192708333334,20.57728665826605,569.3137789351852,False,0.7731153832845847,0.7716637303135289,0.538074363425926,0.000851042071103314,0.8776430952269094,0.8784941372980127,0.029945235710513052,0.018954168921874737,-1.0352902599619747,False,0.0,0.0001702084142206628,0.538074363425926,0.22688461671541527,True,False,21.3979269231143
155,False,0.9951982060185185,21.255767722910313,486.97154899691355,False,0.7370141852724453,0.7354928413546203,0.6312176890432099,0.09114180108671932,0.8518146626993007,0.94295646378602,0.027657074445371577,0.0200188441391278,2.138905648988014,False,0.0,0.018228360217343864,0.6312176890432099,0.26298581472755467,True,False,25.53179654806498
156,False,0.9973808834876543,21.724126740393622,437.1874503279321,False,0.7548217239221735,0.7535522132869836,0.5812109375,0.05444307021840078,0.8565292663795299,0.9109723365979306,0.027657074445371577,0.0200188441391278,0.9024645880003891,False,0.0,0.010888614043680156,0.5812109375,0.2451782760778265,True,False,23.438171521534333
157,False,0.9973297646604938,21.716148542191245,437.99132282021606,False,0.7581143692679498,0.7568515165593062,0.578422550154321,0.047768330745125986,0.8548570926581242,0.9026254234032501,0.029945235710513052,0.02135149899546851,0.5630112041696087,False,0.0,0.009553666149025197,0.578422550154321,0.24188563073205016,True,False,23.213170813950533
158,False,0.9963353587962963,21.325050560602417,479.26454812885805,False,0.8072832343866294,0.8061715218699865,0.4890557484567901,0.0,0.8760981794069823,0.8657060060473158,0.029945235710513052,0.02056796944396594,-0.9819696836207225,False,0.0,0.0,0.4890557484567901,0.1927167656133706,True,False,18.971480507887723
159,False,0.9962914737654321,21.701085144893,439.5131225887346,False,0.7866362041292768,0.785487338465756,0.5571551890432099,0.04322926095314872,0.85290722645772,0.8961364874108687,0.027657074445371577,0.020849009301533772,0.5037628392342415,False,0.0,0.008645852190629744,0.5571551890432099,0.21336379587072318,True,False,21.655988147274453
160,False,0.9979041280864197,21.20527339671472,492.6664872685185,False,0.7535565551684688,0.7520523307325823,0.6678949652777778,0.04616578936297033,0.8532867388615935,0.8994525282245638,0.027657074445371577,0.020455443593789258,0.610279874710763,False,0.0,0.009233157872594067,0.6678949652777778,0.24644344483153124,True,False,25.59988943722586
161,False,0.9974869791666665,21.128158483301206,501.49258101851854,False,0.739691034223432,0.7381088739204014,0.6746214313271605,0.07300252526417672,0.849670707707053,0.9226732329712297,0.029945235710513052,0.018954168921874737,1.5321542520734681,False,0.0,0.014600505052835343,0.6746214313271605,0.26030896577656804,True,False,26.414364736943952
162,False,0.9966666666666667,20.528569618344537,575.7360170717593,False,0.770449514779322,0.7689664570741529,0.5756534529320988,0.0045247900137457275,0.8706524027376371,0.8751771927513828,0.029945235710513052,0.02056796944396594,-0.8335919362821635,False,0.0,0.0009049580027491455,0.5756534529320988,0.229550485220678,True,False,22.452752046108674
163,False,0.9965769675925926,21.935825008529633,416.3876692708333,False,0.7220968551051693,0.7205100250978452,0.6719314236111111,0.1188487160770868,0.8503606590882546,0.9692093751653414,0.027657074445371577,0.020455443593789258,3.0068226712355712,False,0.0,0.02376974321541736,0.6719314236111111,0.2779031448948307,True,False,27.237987958059374
164,False,0.9978313078703703,21.935252585517123,416.44255497685185,False,0.7605747394712143,0.7591441439487684,0.6472612847222222,0.024398795797591855,0.855781688160462,0.8801804839580538,0.027657074445371577,0.020455443593789258,-0.10743381665298984,False,0.0,0.004879759159518371,0.6472612847222222,0.23942526052878566,True,False,24.7078090113486
165,False,0.9979210069444444,21.607538285968932,449.08291425540125,False,0.79737641065515,0.7961216922780159,0.5197029320987654,0.02339592631015186,0.8560811082525228,0.8794770345626747,0.027657074445371577,0.020455443593789258,-0.14050099975408054,False,0.0,0.004679185262030372,0.5197029320987654,0.20262358934485003,True,False,20.224774487399795
166,False,0.9975260416666667,21.582060724936966,451.72516830632713,False,0.7953063445523412,0.7940340698367493,0.52265625,0.0,0.8738857818292988,0.8480219591673975,0.027657074445371577,0.020455443593789258,-0.911924788000212,False,0.0,0.0,0.52265625,0.20469365544765883,True,False,20.230684190668057
167,False,0.9962856867283951,21.2288060625407,490.00414592978393,False,0.7228146044853402,0.7211939292541903,0.7079456018518518,0.09892437831963963,0.8575739476626101,0.9564983259822497,0.027657074445371577,0.020849009301533772,2.305509205553148,False,0.0,0.019784875663927927,0.7079456018518518,0.2771853955146598,True,False,27.993675159227227
168,False,0.9976089891975308,20.711574383850497,551.9794666280865,False,0.7539703709606427,0.7524036851798634,0.5995023148148149,0.03329092888712193,0.8614293066979785,0.8947202355851004,0.027657074445371577,0.02129498724295087,0.17843929006355005,False,0.0,0.006658185777424386,0.5995023148148149,0.24602962903935732,True,False,23.798340460070612
169,False,0.9973967978395062,21.100427030273075,504.7050588348765,False,0.721844468671453,0.7201882862068076,0.7054673032407407,0.05307537046812094,0.8584374994413787,0.9115128699094996,0.030587932166256604,0.021523475852766705,0.7046767977751792,False,0.0,0.010615074093624189,0.7054673032407407,0.278155531328547,True,False,27.690578400326388
170,False,0.9967949459876544,21.04077862888258,511.6847786458333,False,0.7144159198390534,0.7126847038168804,0.7082614776234568,0.004923908610698469,0.8802993625528848,0.8852232711635832,0.036273983328550974,0.017485237014709887,-1.2092784353551347,False,0.0,0.0009847817221396936,0.7082614776234568,0.2855840801609466,True,False,27.731523197883746
171,False,0.9973760609567901,21.415631533975798,469.37203125,False,0.7972097730207174,0.79594227397152,0.4862553047839506,0.0522020988083699,0.8564282430761857,0.9086303418845556,0.030587932166256604,0.023108963455286735,0.6308431013903836,False,0.0,0.01044041976167398,0.4862553047839506,0.20279022697928262,True,False,19.567253156723872
172,False,0.9972405478395061,21.454620387328724,465.1770949074074,False,0.7963664626376743,0.795095464687103,0.4874358603395062,0.027209798199368418,0.8609532851555417,0.8881630833549101,0.036273983328550974,0.016364751309694447,-0.37357470476870985,False,0.0,0.005441959639873683,0.4874358603395062,0.2036335373623257,True,False,19.476329105365263
173,False,0.9981042631172838,21.86552430850807,423.1827242476852,False,0.7740282843661903,0.7726603695242996,0.571231674382716,0.03614212416480478,0.8559335937013473,0.892075717866152,0.036273983328550974,0.015899715803940062,-0.005593434239709683,False,0.0,0.007228424832960956,0.571231674382716,0.2259717156338097,True,False,22.40665465174007
174,False,0.9980299961419752,21.900957459478636,419.74411410108024,False,0.7574363687586435,0.7559989871408517,0.5984755979938272,0.013647456793182244,0.8770641285278334,0.8907115853210157,0.0376995809673924,0.014939153670853023,-1.0858850132542217,False,0.0,0.002729491358636449,0.5984755979938272,0.2425636312413565,True,False,23.533501784052252
175,False,0.9974320023148148,22.935492137875027,330.77383391203705,False,0.7524839440949384,0.7510251399353666,0.5747034143518519,0.09087893518918722,0.8535647984245894,0.9444437336137766,0.034716526525963354,0.017922208112282068,2.1135565362049684,False,0.0,0.018175787037837444,0.5747034143518519,0.24751605590506165,True,False,23.575920926608575
176,False,0.9976012731481482,22.93493972852946,330.8159100115741,False,0.7480160269006765,0.7465558494354948,0.5757479745370371,0.048880305832821325,0.8569831150827608,0.9058634209155821,0.0376995809673924,0.016059639375868462,0.4695609107398719,False,0.0,0.009776061166564265,0.5757479745370371,0.2519839730993235,True,False,23.506420256899176
177,False,0.9967621527777778,22.999639108269744,325.9240813078704,False,0.8095569547543646,0.8083731972209095,0.4884302662037037,0.01887282234653076,0.848322299603426,0.8671951219499567,0.03927081323705289,0.015022137210404463,-0.9158243237834752,False,0.0,0.003774564469306152,0.4884302662037037,0.19044304524563538,True,False,18.989500172769013
178,False,0.997340374228395,23.110458967666123,317.7126186342593,False,0.7605967584507223,0.7592267170226762,0.5679349922839506,0.016524648440894518,0.872019997477186,0.8885446459180805,0.0376995809673924,0.016059639375868462,-0.8892912330524683,False,0.0,0.0033049296881789035,0.5679349922839506,0.23940324154927772,True,False,22.676636151968854
179,False,0.9971739969135803,21.693980167317214,440.23274643132714,False,0.8059499517190154,0.8047536460607551,0.49158227237654323,0.03882211629678345,0.8593094331203707,0.8981315494171541,0.034716526525963354,0.01827536101361321,0.151519861184185,False,0.0,0.00776442325935669,0.49158227237654323,0.1940500482809846,True,False,19.314241197028743
180,False,0.9693889853395062,21.00187205358631,516.2893369020062,False,0.7455401232002128,0.7460455478739121,0.596538387345679,0.012835081964491346,0.8967914213129756,0.909626503277467,0.037482120230794114,0.016277100112466747,-1.0212820833501635,False,0.0,0.002567016392898269,0.596538387345679,0.2544598767997872,True,False,23.896565863421472
181,False,0.9916034915123456,20.999932087821918,516.520011574074,False,0.7250934675575,0.7256292394658408,0.659311824845679,0.0,0.8857315475917876,0.8668511479033963,0.037482120230794114,0.016277100112466747,-1.5531203962150122,False,0.0,0.0,0.659311824845679,0.27490653244249996,True,False,26.104524256629468
182,False,0.9980140817901234,20.81871698688012,538.5284630594135,False,0.7478829059035071,0.7484872843330921,0.5870818865740741,0.0,0.8936701418885383,0.8793887810161,0.037482120230794114,0.01778512393593501,-1.4214342890177432,False,0.0,0.0,0.5870818865740741,0.25211709409649286,True,False,23.501145457729102
183,False,0.9975053047839506,21.061741589280025,509.22087866512345,False,0.6819146734893864,0.6821427382790398,0.6822448881172839,0.05661621235047187,0.8841445064073211,0.940760718757793,0.034716526525963354,0.019042693817297507,0.7756577242599522,False,0.0,0.011323242470094374,0.6822448881172839,0.3180853265106136,True,False,28.528805904906406
184,False,0.9966898148148148,20.916588266497744,526.5280762924383,False,0.7572062422435536,0.7578147229578781,0.5772453703703704,0.010337013828614627,0.9066765449690924,0.9170135587977071,0.034716526525963354,0.020397806712609268,-0.8061264890735298,False,0.0,0.0020674027657229255,0.5772453703703704,0.2427937577564464,True,False,22.990937863706574
185,False,0.9978202160493828,20.752704739920816,546.7765581597222,False,0.7601619137844581,0.7607181706295654,0.5588681520061728,0.0,0.8842542506681892,0.8810404101149988,0.034716526525963354,0.020397806712609268,-1.147927441726363,False,0.0,0.0,0.5588681520061728,0.23983808621554192,True,False,22.366036817698287
186,False,0.9977300347222223,20.906898689125438,527.7041285686728,False,0.7336341564569424,0.7341024367737582,0.6340224729938272,0.03165306028770032,0.8719608849564412,0.9036139452441415,0.030250363543245173,0.020932542489877637,0.04519639735058549,False,0.0,0.006330612057540064,0.6340224729938272,0.2663658435430576,True,False,25.3632847105789
187,False,0.9979822530864196,20.667091564984712,557.6621956983025,False,0.7449978977782227,0.7455085727053864,0.5819989390432099,0.008898147851262861,0.8684632384360452,0.8773613862873081,0.02943142924353437,0.01927164600210335,-0.7186217438605164,False,0.0,0.0017796295702525722,0.5819989390432099,0.2550021022217773,True,False,23.528435940950033
188,False,0.9975718557098765,21.181132234432773,495.41270206404323,False,0.7113868096120277,0.7118090035383712,0.6767192322530864,0.042151138233922913,0.8863210689627727,0.9284722071966957,0.025804296998480136,0.020620940376135932,0.5346716748957042,False,0.0,0.008430227646784583,0.6767192322530864,0.2886131903879723,True,False,27.272349299309727
189,False,0.9975713734567901,21.21003011993858,492.1271768904321,False,0.7112555897094888,0.7116992361659323,0.6770158179012346,0.05436697415951863,0.8657416598933035,0.9201086340528222,0.02943142924353437,0.01927164600210335,0.8726917256577137,False,0.0,0.010873394831903726,0.6770158179012346,0.28874441029051123,True,False,27.357651652655868
190,False,0.9979026813271605,21.837611400409145,425.9113570601852,False,0.798812997617517,0.8001821165010351,0.4787321566358025,0.007627454147564827,0.8632903322600101,0.8709177864075749,0.02943142924353437,0.019991078990779232,-0.735632306374225,False,0.0,0.0015254908295129655,0.4787321566358025,0.201187002382483,True,False,19.055613724167355
191,False,0.9979026813271605,22.178773453517152,393.7340875771605,False,0.7919551124426426,0.7935736671073013,0.5068045910493827,0.0,0.8628924994635435,0.8553081347083695,0.025804296998480136,0.01952861561934849,-0.8912131358659136,False,0.0,0.0,0.5068045910493827,0.2080448875573574,True,False,19.951685840742076
192,False,0.9969217785493827,21.520082167375307,458.21799864969137,False,0.7786896018801299,0.7799850514665048,0.48321373456790123,0.02056930812120661,0.8807459230078832,0.9013152311290898,0.023897361053871857,0.018613614811612222,-0.12059235320070397,False,0.0,0.004113861624241322,0.48321373456790123,0.22131039811987008,True,False,19.94962314712022
193,False,0.9972627314814815,22.187125863884656,392.9775805362654,False,0.7525829947599014,0.7548316448310066,0.5570302854938272,0.026764120203260466,0.865307589018053,0.8920717092213135,0.023897361053871857,0.017261842043179043,0.11201162658446073,False,0.0,0.005352824040652094,0.5570302854938272,0.24741700524009858,True,False,22.745937041968688
194,False,0.9969237075617283,20.788620790376058,542.2733752893519,False,0.7568681197922815,0.7576180239916156,0.5408400848765432,0.033475511922218315,0.8634668642371452,0.8969423761593636,0.023897361053871857,0.015634560054458013,0.4131933061118366,False,0.0,0.006695102384443663,0.5408400848765432,0.24313188020771848,True,False,22.231471000717036
195,False,0.9979981674382716,20.93498210626719,524.302767650463,False,0.7350731565139721,0.7358071831372226,0.5941729359567901,0.030472954053687107,0.8602443817773238,0.8907173358310109,0.025080023256706163,0.016626495191330026,0.21876735840247236,False,0.0,0.006094590810737421,0.5941729359567901,0.2649268434860279,True,False,24.30960064525285
196,False,0.9940629822530864,20.792800212878902,541.7517708333334,False,0.7578711012218481,0.7587024992731253,0.5625776427469136,0.03212259729346756,0.8798103117114539,0.9119329090049214,0.026986959201314442,0.017369378361375698,0.19942025891691462,False,0.0,0.006424519458693512,0.5625776427469136,0.2421288987781519,True,False,22.731688109668962
197,False,0.9958617862654321,21.134972237612725,500.70639371141976,False,0.7077370879840169,0.7084487148865537,0.6278433641975308,0.03914046429355378,0.8548577127740395,0.8939981770675933,0.028841376126527762,0.017255328229974776,0.40256367086375894,False,0.0,0.007828092858710755,0.6278433641975308,0.2922629120159831,True,False,26.160128811259
198,False,0.997352912808642,20.78944734544213,542.170178915895,False,0.7285817268249023,0.7290185902667822,0.6154475308641976,0.02590664793207076,0.8639001861211847,0.8898068340532554,0.028841376126527762,0.015600106747690967,-0.12688127719258313,False,0.0,0.005181329586414152,0.6154475308641976,0.2714182731750977,True,False,25.041267720325784
199,True,0.00658179012345679,6.056316783441808,16123.105008680555,False,0.007318032405318494,0.007361398251461759,0.9955087770061728,0.7708216202229733,0.08798377921334843,0.8588053994363217,nan,nan,nan,False,0.0,0.15416432404459465,0.9955087770061728,0.9926819675946815,True,False,64.256518012306
200,False,0.999985050154321,6.05281391459431,16136.114592496142,False,0.007565526117856129,0.0076104407088339755,0.9953867669753086,0.8199593845460954,0.08827790466805543,0.9082372892141508,nan,nan,nan,False,0.0,0.16399187690921907,0.9953867669753086,0.9924344738821439,True,False,64.53963206753433
